close,mixed
close,mixed
against,mixed
major,mixed
currenc,mixed
signal,mixed
signal,mixed
fell,negative-uncertain
slightli,negative-uncertain
rais,negative-uncertain
price,negative-uncertain
after,negative-uncertain
minimum,negative-uncertain
wage,negative-uncertain
hike,negative-uncertain
percent,negative
fall,negative
percent,negative
decreas,negative
fade,negative
outlook,negative
gloomi,negative
disappoint,negative
gener,negative
feel,negative
that,negative
will,negative
remain,negative
lifeless,negative
fail,negative
gain,negative
meaning,negative
momentum,negative
back,negative
bundebank,negative
larger,negative
than,negative
expect,negative
rate,negative
unlik,negative
near,negative
futur,negative
short,negative
term,negative
risk,negative
veri,negative
much,negative
skew,negative
downsid,negative
press,negative
with,negative
strike,negative
alleg,negative
caus,negative
seriou,negative
damag,negative
steam,negative
fell,negative
veri,negative
weak,negative
bottom,negative
tumbl,negative
delai,negative
block,negative
indict,negative
huge,negative
pyramid,negative
scheme,negative
fraud,negative
indict,negative
seiz,negative
indict,negative
alleg,negative
snub,negative
seem,negative
unreadi,negative
burnt,negative
recent,negative
rout,negative
small,negative
stock,negative
down,negative
record,negative
fall,negative
sharpli,negative
hammer,negative
down,negative
fall,negative
down,negative
stagnant,negative
summer,negative
lethargi,negative
should,negative
prevent,negative
them,negative
break,negative
higher,negative
near,negative
term,negative
could,negative
find,negative
direct,negative
down,negative
grow,negative
depend,negative
propos,negative
expel,negative
have,negative
almost,negative
made,negative
nigeria,negative
laugh,negative
stock,negative
tough,negative
line,negative
tough,negative
line,negative
cheat,negative
right,negative
share,negative
wealth,negative
their,negative
fair,negative
share,negative
left,negative
disappoint,negative
fail,negative
appear,negative
spark,negative
fear,negative
suffer,negative
uncertain,negative
week,negative
dull,negative
trade,negative
dull,negative
week,negative
defi,negative
expect,negative
down,negative
boycott,negative
boycot,negative
curs,negative
join,negative
argument,negative
rule,negative
against,negative
contend,negative
that,negative
tobacco,negative
industri,negative
peddl,negative
addict,negative
product,negative
that,negative
caus,negative
roger,negative
cancer,negative
littl,negative
sympathi,negative
receiv,negative
frosti,negative
respons,negative
reluct,negative
endors,negative
burden,negative
miscellan,negative
charg,negative
have,negative
complaint,negative
stem,negative
well,negative
below,negative
predict,negative
warn,negative
against,negative
warn,negative
against,negative
pressur,negative
flare,negative
taiwan,negative
strait,negative
prejudici,negative
tumbl,negative
pressur,negative
mount,negative
suffer,negative
estim,negative
million,negative
ringgit,negative
loss,negative
from,negative
blackout,negative
expand,negative
allow,negative
corrupt,negative
into,negative
market,negative
caus,negative
never,negative
seri,negative
accid,negative
fight,negative
down,negative
fell,negative
fell,negative
drop,negative
would,negative
improv,negative
percent,negative
drop,negative
percent,negative
drop,negative
forbid,negative
been,negative
cancel,negative
refus,negative
give,negative
permiss,negative
give,negative
green,negative
light,negative
fear,negative
gather,negative
more,negative
than,negative
young,negative
peopl,negative
never,negative
agre,negative
refus,negative
particip,negative
over,negative
fund,negative
erupt,negative
unauthoris,negative
fall,negative
late,negative
wakeup,negative
call,negative
move,negative
into,negative
fina,negative
miss,negative
wake,negative
call,negative
beat,negative
elimin,negative
beat,negative
injur,negative
injur,negative
week,negative
crash,negative
furiou,negative
will,negative
allow,negative
william,negative
team,negative
mate,negative
damon,negative
hill,negative
easi,negative
world,negative
driver,negative
championship,negative
struggl,negative
learn,negative
frustrat,negative
down,negative
dismiss,negative
ralli,negative
past,negative
uncharacterist,negative
errat,negative
hate,negative
upset,negative
upset,negative
beat,negative
beat,negative
beat,negative
beat,negative
suspend,negative
forc,negative
suspens,negative
interrupt,negative
despair,negative
left,negative
despair,negative
worst,negative
perform,negative
poor,negative
submerg,negative
creek,negative
without,negative
paddl,negative
submerg,negative
faint,negative
chanc,negative
england,negative
fight,negative
their,negative
back,negative
into,negative
improb,negative
positio,negative
omen,negative
look,negative
distinctli,negative
unpromis,negative
crash,negative
halt,negative
flow,negative
held,negative
halt,negative
fell,negative
short,negative
becom,negative
sixth,negative
pakistan,negative
batsman,negative
tighten,negative
screw,negative
defeat,negative
suffer,negative
fourth,negative
success,negative
defeat,negative
beat,negative
defeat,negative
beat,negative
upset,negative
weaken,negative
beat,negative
beat,negative
beat,negative
troubl,negative
project,negative
just,negative
percent,negative
skirmish,negative
against,negative
injunct,negative
embroil,negative
critic,negative
legal,negative
battl,negative
extract,negative
injunct,negative
disput,negative
resist,negative
brace,negative
face,negative
regulatori,negative
hurdl,negative
appeal,negative
against,negative
reel,negative
from,negative
seri,negative
messi,negative
scandal,negative
divorc,negative
diminsh,negative
individu,negative
instanc,negative
horrend,negative
behaviour,negative
media,negative
sundai,negative
against,negative
trampl,negative
local,negative
feel,negative
underfoot,negative
when,negative
cover,negative
such,negative
stori,negative
were,negative
wound,negative
acquir,negative
reput,negative
troubl,negative
underperform,negative
theyr,negative
hell,negative
fell,negative
fell,negative
percent,negative
lost,negative
market,negative
nervou,negative
slip,negative
nearli,negative
pfennig,negative
subdu,negative
depress,negative
effect,negative
grow,negative
uncertainti,negative
sharpli,negative
down,negative
jitter,negative
european,negative
trade,negative
sharpli,negative
down,negative
social,negative
unrest,negative
tough,negative
autumn,negative
depress,negative
mood,negative
disappoint,negative
pessimist,negative
expect,negative
troubl,negative
fear,negative
weaken,negative
slow,negative
weaken,negative
fell,negative
start,negative
lose,negative
momentum,negative
rattl,negative
countri,negative
econom,negative
worri,negative
dive,negative
month,negative
declin,negative
fell,negative
depress,negative
brussel,negative
content,negative
could,negative
start,negative
spiral,negative
subsidi,negative
harden,negative
harden,negative
threaten,negative
tussl,negative
began,negative
disappoint,negative
growth,negative
limit,negative
expans,negative
hurt,negative
blame,negative
percent,negative
slump,negative
sharpli,negative
below,negative
drop,negative
found,negative
guilti,negative
weaker,negative
dollar,negative
bund,negative
lower,negative
wall,negative
street,negative
slump,negative
rise,negative
slump,negative
down,negative
beat,negative
against,negative
refus,negative
work,negative
declar,negative
bankruptci,negative
fall,negative
through,negative
fell,negative
through,negative
file,negative
chapter,negative
bankruptci,negative
protect,negative
call,negative
warn,negative
tuesdai,negative
tension,negative
conflict,negative
protest,negative
against,negative
warn,negative
tuesdai,negative
protest,negative
includ,negative
like,negative
strike,negative
over,negative
weaken,negative
start,negative
week,negative
badli,negative
slip,negative
percent,negative
european,negative
upmarket,negative
threat,negative
repurcuss,negative
bloat,negative
price,negative
workforc,negative
complac,negative
manag,negative
tend,negative
give,negative
ghost,negative
pretti,negative
quickli,negative
suspend,negative
disciplin,negative
fail,negative
with,negative
skill,negative
care,negative
dilig,negative
start,negative
disciplinari,negative
action,negative
against,negative
stack,negative
billion,negative
unauthoris,negative
trade,negative
loss,negative
which,negative
crippl,negative
alreadi,negative
uncertainti,negative
start,negative
week,negative
badli,negative
slip,negative
percent,negative
down,negative
declin,negative
fall,negative
most,negative
unsettl,negative
lower,negative
retrench,negative
yield,negative
creep,negative
back,negative
poor,negative
perform,negative
were,negative
unabl,negative
hold,negative
fridai,negative
record,negative
close,negative
high,negative
start,negative
weaker,negative
start,negative
sharpli,negative
lower,negative
disappoint,negative
perform,negative
spark,negative
earli,negative
markdown,negative
with,negative
grenad,negative
possibl,negative
other,negative
explos,negative
becam,negative
angri,negative
take,negative
issu,negative
with,negative
world,negative
fastest,negative
titl,negative
mount,negative
campaign,negative
strip,negative
sprinter,negative
michael,negative
johnson,negative
titl,negative
world,negative
fastest,negative
involv,negative
lengthi,negative
battl,negative
reject,negative
sack,negative
accept,negative
fire,negative
sack,negative
selloff,negative
irregular,negative
press,negative
lack,negative
vision,negative
irregula,negative
inadequ,negative
plan,negative
fail,negative
consist,negative
repres,negative
disput,negative
lower,negative
beat,negative
declin,negative
agre,negative
plead,negative
guilti,negative
admit,negative
conspir,negative
price,negative
elimin,negative
competit,negative
worldwid,negative
market,negative
lysin,negative
anim,negative
feed,negative
supplement,negative
left,negative
irreconcil,negative
differ,negative
laid,negative
recal,negative
just,negative
didnt,negative
make,negative
sens,negative
focu,negative
fall,negative
pipelin,negative
gold,negative
issu,negative
give,negative
back,negative
some,negative
gain,negative
lost,negative
close,negative
higher,negative
fell,negative
fell,negative
shed,negative
lower,negative
lost,negative
defend,negative
defend,negative
lock,negative
horn,negative
insolv,negative
deadlin,negative
loom,negative
threaten,negative
throw,negative
recoveri,negative
plan,negative
track,negative
freez,negative
declar,negative
bankruptci,negative
fall,negative
through,negative
effort,negative
sell,negative
compani,negative
fell,negative
through,negative
stake,negative
claim,negative
threaten,negative
argu,negative
could,negative
eventu,negative
lead,negative
collaps,negative
fell,negative
slightli,negative
disappoint,negative
grow,negative
pressur,negative
report,negative
million,negative
real,negative
loss,negative
oper,negative
lost,negative
higher,negative
than,negative
expect,negative
loss,negative
closur,negative
which,negative
said,negative
harm,negative
some,negative
escal,negative
tension,negative
over,negative
disput,negative
subsidi,negative
state,negative
saxoni,negative
file,negative
complaint,negative
studi,negative
appeal,negative
against,negative
disgrac,negative
sentenc,negative
death,negative
charg,negative
mutini,negative
treason,negative
studi,negative
challeng,negative
appeal,negative
against,negative
prepar,negative
challeng,negative
some,negative
foreign,negative
investor,negative
have,negative
been,negative
shrink,negative
stem,negative
against,negative
each,negative
other,negative
same,negative
busi,negative
spark,negative
racist,negative
charg,negative
accus,negative
viewer,negative
promot,negative
racism,negative
protest,negative
misconstru,negative
disturb,negative
drew,negative
complaint,negative
from,negative
viewer,negative
restrict,negative
grow,negative
public,negative
concern,negative
about,negative
demon,negative
imag,negative
advertis,negative
distress,negative
scari,negative
were,negative
high,negative
retreat,negative
down,negative
weaker,negative
announc,negative
plan,negative
downward,negative
correct,negative
pare,negative
gain,negative
sign,negative
that,negative
ralli,negative
could,negative
lose,negative
momentum,negative
possibl,negative
damag,negative
arous,negative
worri,negative
shortag,negative
qualiti,negative
coffe,negative
avail,negative
immedi,negative
concern,negative
loss,negative
weak,negative
lower,negative
mute,negative
ongo,negative
weak,negative
lower,negative
close,negative
underpin,negative
close,negative
lower,negative
skim,negative
point,negative
lower,negative
loss,negative
weak,negative
kept,negative
held,negative
seri,negative
strike,negative
disput,negative
over,negative
have,negative
stage,negative
short,negative
stoppag,negative
been,negative
affect,negative
disput,negative
reason,negative
risk,negative
that,negative
happen,negative
ground,negative
object,negative
forc,negative
call,negative
deni,negative
object,negative
utterli,negative
refus,negative
reject,negative
fight,negative
shun,negative
rebuff,negative
back,negative
rampag,negative
wipe,negative
flat,negative
down,negative
ecolog,negative
warfar,negative
broken,negative
strike,negative
seen,negative
busi,negative
risk,negative
target,negative
target,negative
were,negative
wound,negative
riot,negative
would,negative
exclud,negative
from,negative
championship,negative
infuri,negative
slip,negative
sharpli,negative
weaken,negative
franc,negative
fear,negative
industri,negative
unrest,negative
recent,negative
project,negative
loss,negative
uncertainti,negative
face,negative
onlin,negative
industri,negative
report,negative
loss,negative
project,negative
loss,negative
drop,negative
hurt,negative
have,negative
been,negative
hurt,negative
fell,negative
slightli,negative
down,negative
boost,negative
fall,negative
minu,negative
seven,negative
would,negative
stai,negative
rock,negative
bottom,negative
level,negative
weaken,negative
record,negative
down,negative
strike,negative
worri,negative
jolt,negative
grew,negative
unexpectedli,negative
gloomi,negative
jolt,negative
fall,negative
minu,negative
seven,negative
potenti,negative
worri,negative
look,negative
number,negative
infect,negative
anim,negative
that,negative
enter,negative
food,negative
chain,negative
hard,negative
epidem,negative
faster,negative
without,negative
slaughter,negative
vast,negative
number,negative
cattl,negative
below,negative
level,negative
fall,negative
show,negative
drop,negative
down,negative
down,negative
pitfal,negative
ahead,negative
falter,negative
wari,negative
have,negative
threaten,negative
bring,negative
down,negative
month,negative
crisi,negative
free,negative
fall,negative
peso,negative
stubbornli,negative
high,negative
interest,negative
rate,negative
report,negative
loss,negative
predict,negative
second,negative
quarter,negative
loss,negative
report,negative
surprisingli,negative
larg,negative
million,negative
fiscal,negative
first,negative
quarter,negative
loss,negative
blame,negative
declin,negative
tumbl,negative
fell,negative
fell,negative
fell,negative
enorm,negative
financi,negative
burden,negative
vigor,negative
defend,negative
itself,negative
against,negative
suit,negative
against,negative
what,negative
were,negative
concern,negative
about,negative
rippl,negative
effect,negative
bring,negative
also,negative
translat,negative
into,negative
higher,negative
price,negative
hamburg,negative
pizza,negative
other,negative
fast,negative
food,negative
item,negative
slow,negative
economi,negative
slow,negative
from,negative
burst,negative
growth,negative
second,negative
quarter,negative
without,negative
inflat,negative
heat,negative
underw,negative
second,negative
court,negative
interrog,negative
appli,negative
injunct,negative
block,negative
fell,negative
beat,negative
stop,negative
merger,negative
accus,negative
file,negative
lawsuit,negative
tuesdai,negative
against,negative
slip,negative
slip,negative
stung,negative
close,negative
down,negative
overh,negative
slow,negative
recent,negative
weaken,negative
have,negative
stall,negative
prioriti,negative
would,negative
elimin,negative
unfair,negative
export,negative
subsidi,negative
control,negative
call,negative
undergo,negative
grill,negative
face,negative
three,negative
hour,negative
grill,negative
threaten,negative
last,negative
minut,negative
upset,negative
appli,negative
injunct,negative
stop,negative
contraven,negative
fight,negative
action,negative
person,negative
underw,negative
sever,negative
hour,negative
cross,negative
examin,negative
fault,negative
accus,negative
pull,negative
talk,negative
hammer,negative
refus,negative
accept,negative
split,negative
split,negative
apart,negative
sank,negative
lowest,negative
level,negative
year,negative
month,negative
percent,negative
slide,negative
slump,negative
swollen,negative
gain,negative
from,negative
sell,negative
unit,negative
down,negative
took,negative
biggest,negative
batter,negative
sold,negative
million,negative
down,negative
slow,negative
slow,negative
slowdown,negative
loss,negative
grow,negative
expand,negative
percent,negative
million,negative
pound,negative
fallen,negative
well,negative
below,negative
still,negative
well,negative
short,negative
penc,negative
level,negative
flotat,negative
falter,negative
further,negative
stumbl,negative
block,negative
imposs,negative
loom,negative
slip,negative
were,negative
below,negative
threaten,negative
last,negative
minut,negative
upset,negative
down,negative
fell,negative
fell,negative
fail,negative
give,negative
buoyanc,negative
plung,negative
drop,negative
jail,negative
fail,negative
jail,negative
fraud,negative
found,negative
guilti,negative
improperli,negative
posit,negative
shed,negative
lower,negative
burn,negative
burnt,negative
australian,negative
flag,negative
stage,negative
ralli,negative
brisban,negative
adelaid,negative
against,negative
rowdi,negative
stamp,negative
stamp,negative
rowdi,negative
attack,negative
repel,negative
repeatedli,negative
kick,negative
riot,negative
anti,negative
govern,negative
ralli,negative
clash,negative
against,negative
sank,negative
ventur,negative
down,negative
narrow,negative
misunderstood,negative
poor,negative
perform,negative
poor,negative
return,negative
easi,negative
complaint,negative
surg,negative
over,negative
complaint,negative
broke,negative
rule,negative
breach,negative
degener,negative
battl,negative
against,negative
cautiou,negative
ahead,negative
below,negative
lower,negative
fell,negative
lower,negative
loss,negative
loss,negative
widen,negative
stronger,negative
without,negative
regard,negative
concern,negative
against,negative
suffer,negative
sharpli,negative
lower,negative
correspond,negative
lose,negative
fell,negative
fall,negative
back,negative
well,negative
below,negative
hasten,negative
downward,negative
correct,negative
shrank,negative
lose,negative
uncertain,negative
fall,negative
fall,negative
down,negative
down,negative
ineffect,negative
deficit,negative
debt,negative
spark,negative
violent,negative
protest,negative
reduc,negative
attack,negative
danger,negative
expos,negative
slash,negative
heat,negative
opposit,negative
slip,negative
below,negative
down,negative
mute,negative
turnov,negative
poor,negative
mute,negative
hurt,negative
touch,negative
problem,negative
backfir,negative
spark,negative
into,negative
expect,negative
declin,negative
slide,negative
fell,negative
slow,negative
lane,negative
look,negative
like,negative
will,negative
move,negative
slow,negative
lane,negative
down,negative
wari,negative
wari,negative
deni,negative
prohibit,negative
hurt,negative
good,negative
uncompetit,negative
worst,negative
campu,negative
violenc,negative
lack,negative
isol,negative
isol,negative
alien,negative
block,negative
their,negative
effort,negative
drop,negative
fall,negative
flag,negative
plung,negative
against,negative
accus,negative
damag,negative
ineffici,negative
show,negative
lack,negative
leadership,negative
abus,negative
damag,negative
bring,negative
down,negative
compens,negative
loss,negative
threaten,negative
foul,negative
perplex,negative
nervou,negative
strain,negative
savag,negative
failur,negative
address,negative
failur,negative
address,negative
econom,negative
polit,negative
problem,negative
polit,negative
instabl,negative
face,negative
financi,negative
collaps,negative
face,negative
financi,negative
collaps,negative
lift,negative
fail,negative
face,negative
liquid,negative
crisi,negative
financi,negative
collaps,negative
declin,negative
close,negative
lower,negative
dull,negative
trade,negative
fell,negative
fell,negative
look,negative
realli,negative
keep,negative
pressur,negative
maintain,negative
pressur,negative
acceler,negative
damag,negative
hurt,negative
stagnat,negative
damag,negative
stagnat,negative
unfavor,negative
econom,negative
condit,negative
poor,negative
perform,negative
slower,negative
capit,negative
inflow,negative
face,negative
energi,negative
shortag,negative
isol,negative
went,negative
bankrupt,negative
captiv,negative
harrow,negative
harrow,negative
kidnap,negative
tremend,negative
toll,negative
alleg,negative
scheme,negative
convict,negative
well,negative
awar,negative
alleg,negative
action,negative
sharp,negative
drop,negative
disappoint,negative
shrank,negative
fell,negative
sharpli,negative
rose,negative
drop,negative
spurn,negative
drop,negative
hostil,negative
tender,negative
offer,negative
report,negative
million,negative
fiscal,negative
first,negative
quarter,negative
loss,negative
expect,negative
loss,negative
report,negative
loss,negative
unsaf,negative
accept,negative
danger,negative
high,negative
level,negative
contamin,negative
seriou,negative
consider,negative
concern,negative
fuel,negative
shortag,negative
safeti,negative
problem,negative
complain,negative
veri,negative
care,negative
resist,negative
pressur,negative
rais,negative
short,negative
term,negative
rate,negative
declin,negative
went,negative
strike,negative
strike,negative
fallen,negative
reveal,negative
problem,negative
about,negative
sold,negative
well,negative
behind,negative
liabil,negative
challeng,negative
unspecifi,negative
damag,negative
shrink,negative
shrank,negative
gradual,negative
wane,negative
plung,negative
down,negative
averag,negative
level,negative
down,negative
challeng,negative
against,negative
fell,negative
fell,negative
down,negative
down,negative
drop,negative
lower,negative
drop,negative
narrow,negative
sharpli,negative
drop,negative
narrow,negative
dramat,negative
plung,negative
against,negative
snap,negative
internet,negative
continu,negative
vulner,negative
hate,negative
fill,negative
diatrib,negative
secur,negative
flaw,negative
vulner,negative
singl,negative
real,negative
battl,negative
heat,negative
littl,negative
threat,negative
against,negative
against,negative
fail,negative
lawsuit,negative
against,negative
pressur,negative
shrank,negative
weak,negative
weak,negative
first,negative
half,negative
weak,negative
result,negative
unspectacular,negative
hasten,negative
downward,negative
correct,negative
oversea,negative
concern,negative
weak,negative
develop,negative
below,negative
expect,negative
weaker,negative
slightli,negative
weaker,negative
lower,negative
fell,negative
close,negative
down,negative
fail,negative
fail,negative
affect,negative
sharp,negative
drop,negative
drop,negative
fell,negative
failur,negative
expect,negative
compani,negative
insolv,negative
rise,negative
worsen,negative
percent,negative
increas,negative
quit,negative
dull,negative
held,negative
back,negative
collaps,negative
wari,negative
lost,negative
rose,negative
increas,negative
fell,negative
huge,negative
financi,negative
problem,negative
unexpect,negative
loss,negative
weaken,negative
thrust,negative
threaten,negative
pull,negative
threat,negative
sent,negative
rippl,negative
cautiou,negative
ahead,negative
fall,negative
drop,negative
sharpli,negative
fell,negative
swedish,negative
crown,negative
strengthen,negative
fell,negative
sharp,negative
drop,negative
weaker,negative
economi,negative
weaker,negative
price,negative
lower,negative
volum,negative
slow,negative
profit,negative
growth,negative
slightli,negative
lower,negative
rate,negative
growth,negative
lower,negative
than,negative
fall,negative
weaker,negative
fall,negative
weaker,negative
profit,negative
gener,negative
sharp,negative
drop,negative
weaker,negative
market,negative
develop,negative
slowdown,negative
lower,negative
rose,negative
weak,negative
consum,negative
spend,negative
wari,negative
riski,negative
dismiss,negative
vulner,negative
sabotag,negative
reject,negative
call,negative
dismiss,negative
vulner,negative
manipul,negative
danger,negative
enorm,negative
invest,negative
overrod,negative
lose,negative
automot,negative
disput,negative
worri,negative
spur,negative
anti,negative
sentiment,negative
grow,negative
shame,negative
best,negative
suitor,negative
face,negative
down,negative
legal,negative
challeng,negative
unavail,negative
turn,negative
down,negative
endors,negative
strict,negative
regul,negative
juri,negative
deliber,negative
about,negative
start,negative
smoke,negative
case,negative
wors,negative
held,negative
liabl,negative
smoker,negative
addict,negative
that,negative
allegedli,negative
death,negative
tumbl,negative
concern,negative
about,negative
indiana,negative
trial,negative
fight,negative
more,negative
troubl,negative
deepen,negative
warn,negative
avoid,negative
meat,negative
diseas,negative
transmit,negative
anim,negative
concret,negative
danger,negative
fall,negative
move,negative
lower,negative
close,negative
sharpli,negative
lower,negative
decreas,negative
weak,negative
fell,negative
plung,negative
trigger,negative
polit,negative
storm,negative
shock,negative
mani,negative
feroc,negative
attack,negative
fell,negative
fell,negative
close,negative
lower,negative
fell,negative
rule,negative
contend,negative
clash,negative
over,negative
conflict,negative
tumbl,negative
tumbl,negative
look,negative
mighti,negative
prove,negative
major,negative
disappoint,negative
expect,negative
slow,negative
slow,negative
less,negative
than,negative
half,negative
paralys,negative
defi,negative
might,negative
walk,negative
again,negative
unsatisfactori,negative
weaken,negative
fell,negative
sluggish,negative
trade,negative
down,negative
lost,negative
drift,negative
volum,negative
volatil,negative
activ,negative
peacefulli,negative
protest,negative
against,negative
polit,negative
protest,negative
against,negative
forc,negative
problem,negative
plagu,negative
util,negative
nuclear,negative
oper,negative
stem,negative
from,negative
extraordinari,negative
mismanag,negative
permit,negative
strongli,negative
oppos,negative
face,negative
battl,negative
brew,negative
down,negative
drop,negative
drop,negative
floor,negative
deal,negative
down,negative
extend,negative
their,negative
loss,negative
defi,negative
order,negative
return,negative
work,negative
defi,negative
partial,negative
paralys,negative
tension,negative
rose,negative
arrest,negative
would,negative
continu,negative
strike,negative
tumbl,negative
drop,negative
appeas,negative
angri,negative
sooth,negative
scrap,negative
unfaz,negative
sanction,negative
talk,negative
drop,negative
tumbl,negative
hurt,negative
fell,negative
condemn,negative
punish,negative
assess,negative
deal,negative
anger,negative
slap,negative
will,negative
would,negative
stall,negative
file,negative
corrupt,negative
case,negative
against,negative
defeat,negative
hour,negative
walkout,negative
crippl,negative
strike,negative
protest,negative
misl,negative
alleg,negative
misl,negative
devast,negative
impact,negative
would,negative
slow,negative
market,negative
pressur,negative
veri,negative
angri,negative
drift,negative
drift,negative
like,negative
remain,negative
listless,negative
suffer,negative
unexpect,negative
setback,negative
haunt,negative
back,negative
into,negative
damag,negative
boom,negative
bust,negative
cycl,negative
that,negative
plagu,negative
decad,negative
downsid,negative
sluggish,negative
remain,negative
weak,negative
wari,negative
concern,negative
reject,negative
gener,negative
fail,negative
detail,negative
specif,negative
product,negative
line,negative
timefram,negative
tariff,negative
reduct,negative
hamper,negative
depress,negative
could,negative
lodg,negative
protest,negative
express,negative
displeasur,negative
rebel,negative
provinc,negative
push,negative
island,negative
into,negative
diplomat,negative
isol,negative
derail,negative
leav,negative
englewood,negative
colo,negative
base,negative
commun,negative
dust,negative
offer,negative
premium,negative
have,neutral-uncertain
press,neutral-uncertain
discount,neutral-uncertain
agre,neutral-uncertain
almost,neutral
unchang,neutral
keep,neutral
almost,neutral
unchang,neutral
close,neutral
steadi,neutral
unchang,neutral
unchang,neutral
unchang,neutral
beat,neutral
should,neutral
stabl,neutral
unchang,neutral
launch,neutral
unchang,neutral
name,neutral
name,neutral
propos,neutral
ralli,neutral
stall,neutral
after,neutral
month,neutral
high,neutral
launch,neutral
pave,neutral
shift,neutral
remark,neutral
steadi,neutral
unveil,neutral
heavili,neutral
specul,neutral
acquir,neutral
stabl,neutral
unchang,neutral
closer,neutral
announc,neutral
join,neutral
other,neutral
cultur,neutral
compani,neutral
festoon,neutral
team,neutral
littl,neutral
chang,neutral
offer,neutral
internet,neutral
access,neutral
unchang,neutral
unchang,neutral
keep,neutral
interest,neutral
rate,neutral
steadi,neutral
credit,neutral
ought,neutral
least,neutral
match,neutral
resum,neutral
anxious,neutral
await,neutral
hold,neutral
interest,neutral
rate,neutral
steadi,neutral
keep,neutral
rate,neutral
steadi,neutral
plan,neutral
open,neutral
affirm,neutral
confirm,neutral
join,neutral
outlin,neutral
steadi,neutral
chang,neutral
steadi,neutral
steadi,neutral
name,neutral
sign,neutral
vanish,neutral
build,neutral
push,neutral
plan,neutral
take,neutral
take,neutral
reli,neutral
suggest,neutral
slow,neutral
trade,neutral
flat,neutral
sport,neutral
appear,neutral
embark,neutral
unaffect,neutral
spin,neutral
sign,neutral
take,neutral
purchas,neutral
gave,neutral
tent,neutral
approv,neutral
take,neutral
stand,neutral
report,neutral
unchang,neutral
unchang,neutral
unchang,neutral
plan,neutral
unchang,neutral
offer,neutral
unchang,neutral
oper,neutral
provid,neutral
littl,neutral
chang,neutral
steadi,neutral
unchang,neutral
seen,neutral
steadi,neutral
hold,neutral
pattern,neutral
steadi,neutral
steadi,neutral
chang,neutral
averag,neutral
quit,neutral
satisfactori,neutral
unchang,neutral
stagnat,neutral
keep,neutral
rein,neutral
creat,neutral
unchang,neutral
total,neutral
achiev,neutral
break,neutral
even,neutral
point,neutral
offset,neutral
compens,neutral
break,neutral
even,neutral
merg,neutral
approv,neutral
merger,neutral
moder,neutral
unchang,neutral
sale,neutral
issu,neutral
resum,neutral
amount,neutral
take,neutral
control,neutral
takeov,neutral
distribut,neutral
deal,neutral
serv,neutral
shrug,neutral
serv,neutral
merg,neutral
retir,neutral
file,neutral
shrug,neutral
sign,neutral
unchang,neutral
escal,neutral
escal,neutral
unchang,neutral
ward,positive-uncertain
rose,positive-uncertain
highest,positive-uncertain
level,positive-uncertain
jump,positive-uncertain
rose,positive-uncertain
plan,positive-uncertain
drop,positive-uncertain
narrow,positive-uncertain
sharpli,positive-uncertain
narrow,positive-uncertain
dramat,positive-uncertain
high,positive-uncertain
abov,positive-uncertain
pois,positive-uncertain
breadth,positive
increas,positive
littl,positive
slow,positive
seen,positive
stage,positive
broad,positive
base,positive
surg,positive
climb,positive
increas,positive
head,positive
into,positive
second,positive
half,positive
year,positive
much,positive
stronger,positive
note,positive
than,positive
anticip,positive
third,positive
record,positive
close,positive
after,positive
overcom,positive
jitter,positive
from,positive
unexpectedli,positive
strong,positive
sale,positive
data,positive
power,positive
peak,positive
percent,positive
surg,positive
rose,positive
solidli,positive
fatten,positive
order,positive
strongli,positive
post,positive
broad,positive
base,positive
gain,positive
jump,positive
demand,positive
climb,positive
much,positive
more,positive
robust,positive
increas,positive
rise,positive
second,positive
increas,positive
haul,positive
jump,positive
drop,positive
leapt,positive
rise,positive
rebound,positive
from,positive
year,positive
high,positive
calm,positive
fear,positive
higher,positive
gain,positive
talk,positive
internet,positive
plan,positive
sharpli,positive
higher,positive
beat,positive
previou,positive
trade,positive
encourag,positive
higher,positive
gain,positive
open,positive
trade,positive
peak,positive
abov,positive
advanc,positive
peak,positive
press,positive
ahead,positive
with,positive
strike,positive
rebound,positive
empow,positive
bless,positive
safeti,positive
compani,positive
with,positive
proven,positive
record,positive
came,positive
within,positive
skip,positive
jump,positive
time,positive
high,positive
ralli,positive
slip,positive
profit,positive
take,positive
prop,positive
rise,positive
demand,positive
energi,positive
record,positive
record,positive
high,positive
rise,positive
point,positive
stronger,positive
than,positive
expect,positive
data,positive
boost,positive
help,positive
show,positive
confid,positive
show,positive
level,positive
confid,positive
push,positive
boost,positive
boost,positive
quadrupl,positive
boom,positive
demand,positive
boost,positive
robust,positive
demand,positive
jump,positive
demand,positive
close,positive
highest,positive
level,positive
record,positive
high,positive
rise,positive
hike,positive
increas,positive
reach,positive
high,positive
rose,positive
rose,positive
rule,positive
favor,positive
boost,positive
reaffirm,positive
curb,positive
promis,positive
relief,positive
improv,positive
qualiti,positive
boost,positive
protect,positive
curb,positive
perfect,positive
lighten,positive
convinc,positive
rose,positive
percent,positive
rose,positive
percent,positive
higher,positive
improv,positive
reach,positive
hamlet,positive
final,positive
emerg,positive
command,positive
advantag,positive
impress,positive
perform,positive
clock,positive
best,positive
time,positive
minut,positive
second,positive
advanc,positive
semifin,positive
reach,positive
semifin,positive
good,positive
match,positive
good,positive
score,positive
biggest,positive
victori,positive
happi,positive
high,positive
give,positive
them,positive
lead,positive
could,positive
thrust,positive
essex,positive
cours,positive
success,positive
went,positive
past,positive
previou,positive
test,positive
best,positive
keep,positive
pakistan,positive
look,positive
well,positive
capabl,positive
made,positive
histori,positive
gave,positive
black,positive
unbeat,positive
break,positive
broke,positive
knock,positive
three,positive
greatest,positive
accomplish,positive
sail,positive
great,positive
person,positive
satisfact,positive
open,positive
offic,positive
overcam,positive
some,positive
worst,positive
review,positive
year,positive
open,positive
offic,positive
soften,positive
save,positive
veri,positive
attract,positive
rose,positive
react,positive
posit,positive
opportun,positive
respond,positive
posit,positive
accept,positive
hope,positive
that,positive
there,positive
would,positive
speedi,positive
resolut,positive
inquiri,positive
will,positive
come,positive
relief,positive
vote,positive
percent,positive
favor,positive
rise,positive
rise,positive
forecast,positive
stabil,positive
gain,positive
rose,positive
gain,positive
close,positive
slightli,positive
higher,positive
grow,positive
rapidli,positive
ripe,positive
peak,positive
back,positive
right,positive
monei,positive
slightli,positive
better,positive
than,positive
estim,positive
juli,positive
expect,positive
expect,positive
there,positive
will,positive
concret,positive
progress,positive
claw,positive
back,positive
most,positive
loss,positive
recov,positive
recov,positive
follow,positive
string,positive
record,positive
last,positive
week,positive
culmin,positive
fridai,positive
trade,positive
high,positive
recov,positive
reason,positive
confid,positive
show,positive
necessari,positive
polit,positive
will,positive
meet,positive
have,positive
alreadi,positive
made,positive
consider,positive
progress,positive
pare,positive
back,positive
clear,positive
determin,positive
behalf,positive
govern,positive
meet,positive
rose,positive
recov,positive
strongli,positive
veri,positive
strong,positive
recoveri,positive
rebound,positive
better,positive
than,positive
same,positive
period,positive
year,positive
both,positive
japan,positive
abroad,positive
rebound,positive
gradual,positive
gradual,positive
recoveri,positive
trend,positive
peacefulli,positive
peacefulli,positive
more,positive
than,positive
percent,positive
worldwid,positive
membership,positive
accept,positive
offer,positive
from,positive
percent,positive
accept,positive
level,positive
delight,positive
well,positive
place,positive
high,positive
profit,positive
need,positive
strengthen,positive
push,positive
price,positive
higher,positive
turn,positive
higher,positive
highest,positive
rescu,positive
string,positive
record,positive
unwound,positive
freed,positive
canada,positive
with,positive
record,positive
smash,positive
victori,positive
record,positive
confirm,positive
them,positive
right,positive
owner,positive
would,positive
help,positive
great,positive
strateg,positive
import,positive
support,positive
gave,positive
boost,positive
support,positive
move,positive
underscor,positive
appl,positive
commit,positive
develop,positive
internet,positive
technolog,positive
extend,positive
relationship,positive
between,positive
compani,positive
time,positive
when,positive
thei,positive
both,positive
face,positive
extrem,positive
competit,positive
pressur,positive
provid,positive
hassl,positive
free,positive
experi,positive
comprehens,positive
custom,positive
care,positive
rose,positive
rise,positive
ralli,positive
rose,positive
rebound,positive
ralli,positive
highest,positive
futur,positive
price,positive
climb,positive
close,positive
higher,positive
four,positive
month,positive
high,positive
post,positive
solid,positive
profit,positive
kick,positive
justifi,positive
recent,positive
gain,positive
their,positive
stock,positive
price,positive
report,positive
profit,positive
will,positive
enough,positive
declar,positive
plan,positive
uncondit,positive
support,positive
grow,positive
lloyd,positive
rescu,positive
lift,positive
german,positive
stock,positive
higher,positive
close,positive
tuesdai,positive
higher,positive
help,positive
lift,positive
volum,positive
higher,positive
than,positive
mondai,positive
year,positive
chemic,positive
share,positive
drove,positive
afternoon,positive
gain,positive
report,positive
eight,positive
percent,positive
increas,positive
rise,positive
rose,positive
healthi,positive
percent,positive
forecast,positive
higher,positive
profit,positive
rise,positive
percent,positive
increas,positive
look,positive
fine,positive
rose,positive
great,positive
growth,positive
potenti,positive
will,positive
obtain,positive
better,positive
market,positive
posit,positive
increas,positive
increas,positive
percent,positive
gain,positive
jump,positive
jump,positive
jump,positive
gain,positive
increas,positive
higher,positive
profit,positive
more,positive
than,positive
doubl,positive
would,positive
clearli,positive
higher,positive
surg,positive
profit,positive
increas,positive
favour,positive
increas,positive
profit,positive
profit,positive
improv,positive
area,positive
group,positive
activ,positive
boost,positive
will,positive
increas,positive
expect,positive
worker,positive
year,positive
addit,positive
increas,positive
stand,positive
side,positive
seen,positive
promis,positive
trend,positive
monthli,positive
trade,positive
surplus,positive
sharpli,positive
slow,positive
chalk,positive
good,positive
figur,positive
market,positive
provid,positive
some,positive
bullish,positive
trend,positive
post,positive
gain,positive
concentr,positive
develop,positive
strong,positive
portfolio,positive
titl,positive
highest,positive
close,positive
ralli,positive
trade,positive
close,positive
around,positive
their,positive
highest,positive
year,positive
rose,positive
slightli,positive
higher,positive
narrowli,positive
outnumb,positive
hold,positive
abov,positive
delight,positive
implement,positive
successfulli,positive
gone,positive
veri,positive
well,positive
todai,positive
appear,positive
veri,positive
happi,positive
prompt,positive
concentr,positive
develop,positive
remain,positive
popular,positive
better,positive
reckon,positive
creat,positive
such,positive
domin,positive
forc,positive
industri,positive
rose,positive
climb,positive
rise,positive
record,positive
rise,positive
media,positive
share,positive
risen,positive
lead,positive
media,positive
sector,positive
continu,positive
rise,positive
encourag,positive
pretti,positive
well,positive
signal,positive
provid,positive
good,positive
platform,positive
enhanc,positive
jump,positive
special,positive
dividend,positive
jump,positive
expect,positive
veri,positive
good,positive
result,positive
prais,positive
repeat,positive
ugli,positive
scene,positive
slowli,positive
recov,positive
high,positive
spirit,positive
peacefulli,positive
approv,positive
rule,positive
design,positive
give,positive
stock,positive
market,positive
investor,positive
better,positive
chanc,positive
best,positive
price,positive
avail,positive
their,positive
order,positive
recognis,positive
qualifi,positive
improv,positive
close,positive
floor,positive
trade,positive
push,positive
london,positive
stock,positive
record,positive
help,positive
push,positive
lead,positive
london,positive
share,positive
record,positive
high,positive
jump,positive
jump,positive
cite,positive
rise,positive
near,positive
term,positive
confid,positive
rise,positive
confid,positive
help,positive
were,positive
better,positive
boost,positive
boost,positive
would,positive
rise,positive
send,positive
dollar,positive
soar,positive
abov,positive
forecast,positive
rise,positive
epidem,positive
rapid,positive
declin,positive
good,positive
accept,positive
accept,positive
have,positive
made,positive
their,positive
view,positive
toward,positive
ralli,positive
ralli,positive
again,positive
found,positive
support,positive
caught,positive
financi,positive
market,positive
boost,positive
will,positive
like,positive
lure,positive
back,positive
were,positive
point,positive
where,positive
fundament,positive
with,positive
back,positive
recoveri,positive
track,positive
buzz,positive
excit,positive
close,positive
record,positive
high,positive
alwai,positive
been,positive
ahead,positive
itself,positive
term,positive
fundament,positive
bring,positive
mexican,positive
market,positive
life,positive
plai,positive
major,positive
role,positive
expect,positive
save,positive
million,positive
would,positive
improv,positive
step,positive
revitalis,positive
feel,positive
like,positive
movi,positive
star,positive
limit,positive
edit,positive
shirt,positive
discount,positive
food,positive
merchandis,positive
brand,positive
credit,positive
card,positive
that,positive
make,positive
into,positive
debt,positive
more,positive
than,positive
usual,positive
preferenti,positive
seat,positive
restaur,positive
offer,positive
increas,positive
gain,positive
rose,positive
higher,positive
pull,positive
coffe,positive
price,positive
higher,positive
ralli,positive
held,positive
interest,positive
rate,positive
steadi,positive
rose,positive
close,positive
within,positive
stone,positive
throw,positive
record,positive
close,positive
high,positive
keep,positive
interest,positive
rate,positive
steadi,positive
profit,positive
make,positive
monei,positive
internet,positive
busi,positive
help,positive
offer,positive
servic,positive
free,positive
will,positive
rise,positive
project,positive
percent,positive
averag,positive
child,positive
recov,positive
hundr,positive
million,positive
dollar,positive
will,positive
welcom,positive
relief,positive
cent,positive
hour,positive
increas,positive
will,positive
have,positive
littl,positive
short,positive
term,positive
impact,positive
rose,positive
held,positive
interest,positive
rate,positive
steadi,positive
held,positive
interest,positive
rate,positive
steadi,positive
stock,positive
price,positive
rose,positive
after,positive
announc,positive
rose,positive
close,positive
mostli,positive
higher,positive
clear,positive
hurdl,positive
approv,positive
campaign,positive
among,positive
veteran,positive
help,positive
lead,positive
lent,positive
prestig,positive
popular,positive
gave,positive
million,positive
american,positive
rais,positive
reward,positive
boost,positive
abil,positive
keep,positive
recov,positive
recov,positive
cool,positive
without,positive
inflat,positive
heat,positive
unit,positive
state,positive
seek,positive
inform,positive
allianc,positive
with,positive
japan,positive
european,positive
union,positive
world,positive
trade,positive
rule,positive
assur,positive
fair,positive
plai,positive
state,positive
trade,positive
enterpris,positive
announc,positive
credit,positive
boost,positive
lent,positive
prestig,positive
popular,positive
help,positive
lead,positive
troop,positive
victori,positive
oper,positive
desert,positive
storm,positive
gulf,positive
chalk,positive
record,positive
couldnt,positive
have,positive
forecast,positive
better,positive
background,positive
equiti,positive
market,positive
close,positive
record,positive
close,positive
point,positive
higher,positive
surpass,positive
previou,positive
record,positive
expect,positive
tripl,positive
expect,positive
retail,positive
revenu,positive
tripl,positive
stai,positive
posit,positive
risen,positive
develop,positive
line,positive
with,positive
expect,positive
help,positive
close,positive
slightli,positive
better,positive
point,positive
shift,positive
interest,positive
help,positive
month,positive
peak,positive
higher,positive
were,positive
their,positive
highest,positive
level,positive
make,positive
break,positive
through,positive
recent,positive
price,positive
ceil,positive
just,positive
under,positive
ounc,positive
revamp,positive
soften,positive
better,positive
measur,positive
bright,positive
grew,positive
steadi,positive
gain,positive
increas,positive
dramat,positive
succeed,positive
gain,positive
expand,positive
million,positive
pound,positive
almost,positive
doubl,positive
almost,positive
doubl,positive
jump,positive
jump,positive
rise,positive
point,positive
toward,positive
tighten,positive
expand,positive
would,positive
rise,positive
like,positive
stronger,positive
anticip,positive
continu,positive
posit,positive
busi,positive
develop,positive
sharpli,positive
healthi,positive
growth,positive
help,positive
outperform,positive
rest,positive
industri,positive
rose,positive
drop,positive
happi,positive
accomplish,positive
promot,positive
acceler,positive
laud,positive
australian,positive
year,positive
prestigi,positive
america,positive
yacht,positive
race,positive
climb,positive
surg,positive
rise,positive
climb,positive
rose,positive
toward,positive
analyst,positive
forecast,positive
assur,positive
attract,positive
expand,positive
expand,positive
close,positive
record,positive
close,positive
record,positive
chalk,positive
better,positive
higher,positive
surpass,positive
outweigh,positive
subdu,positive
consider,positive
impact,positive
good,positive
highest,positive
level,positive
stabl,positive
turn,positive
corner,positive
possibl,positive
turn,positive
point,positive
expect,positive
tripl,positive
expect,positive
tripl,positive
tripl,positive
realis,positive
dream,positive
built,positive
provid,positive
servic,positive
suppli,positive
interact,positive
servic,positive
veri,positive
demand,positive
expand,positive
attract,positive
higher,positive
rose,positive
risen,positive
reach,positive
peak,positive
doubl,positive
over,positive
gain,positive
profit,positive
jump,positive
ralli,positive
close,positive
higher,positive
higher,positive
reach,positive
height,positive
gain,positive
gain,positive
rake,positive
target,positive
upward,positive
trend,positive
what,positive
want,positive
satisfi,positive
slightli,positive
better,positive
real,positive
profit,positive
growth,positive
better,positive
return,positive
normal,positive
rise,positive
jump,positive
more,positive
extend,positive
rose,positive
higher,positive
turnov,positive
rise,positive
rose,positive
rose,positive
move,positive
fail,positive
rise,positive
support,positive
higher,positive
increas,positive
increas,positive
rise,positive
made,positive
signific,positive
expansionari,positive
move,positive
close,positive
slightli,positive
higher,positive
predominantli,positive
higher,positive
just,positive
firmer,positive
boost,positive
rais,positive
tuesdai,positive
offer,positive
rais,positive
takeov,positive
offer,positive
surg,positive
improv,positive
slightli,positive
abov,positive
meet,positive
expect,positive
slightli,positive
abov,positive
market,positive
expect,positive
rose,positive
abov,positive
forecast,positive
good,positive
benefit,positive
welcom,positive
prompt,positive
revamp,positive
elev,positive
rise,positive
confound,positive
most,positive
expect,positive
surg,positive
expand,positive
perform,positive
fret,positive
boost,positive
prioriti,positive
rose,positive
rise,positive
rose,positive
doubl,positive
premier,positive
cabinet,positive
chief,positive
expand,positive
fertil,positive
ground,positive
most,positive
promis,positive
understand,positive
magnitud,positive
opportun,positive
hope,positive
hope,positive
posit,positive
impact,positive
encourag,positive
tent,positive
enjoi,positive
plan,positive
rest,positive
savor,positive
sweet,positive
freedom,positive
rise,positive
rose,positive
help,positive
good,positive
trade,positive
number,positive
predict,positive
improv,positive
earn,positive
boost,positive
enorm,positive
potenti,positive
defend,positive
rais,positive
less,positive
hazard,positive
econom,positive
data,positive
touch,positive
polit,positive
pressur,positive
except,positive
profit,positive
perform,positive
signific,positive
turnaround,positive
profit,positive
post,positive
profit,positive
exceed,positive
analyst,positive
expect,positive
fuell,positive
expens,positive
fatter,positive
price,positive
mark,positive
robust,positive
sale,positive
higher,positive
earn,positive
quadrupl,positive
cost,positive
profit,positive
modest,positive
improv,positive
jump,positive
rose,positive
remov,positive
possibl,positive
roadblock,positive
higher,positive
bound,positive
higher,positive
rais,positive
increas,positive
rais,positive
their,positive
abil,positive
keep,positive
their,positive
famili,positive
togeth,positive
their,positive
failur,positive
boost,positive
reward,positive
green,positive
light,positive
start,positive
more,positive
plane,positive
emerg,positive
categori,positive
gear,positive
boost,positive
expand,positive
recov,positive
extrem,positive
resolut,positive
swell,positive
surpass,positive
punctuat,positive
abov,positive
averag,positive
crop,positive
look,positive
good,positive
good,positive
qualiti,positive
veri,positive
good,positive
outstand,positive
neither,positive
fals,positive
mislead,positive
judgment,positive
favor,positive
rose,positive
some,positive
more,positive
volum,positive
command,positive
lead,positive
pleas,positive
stole,positive
rise,positive
jump,positive
more,positive
than,positive
percent,positive
slightli,positive
better,positive
better,positive
rise,positive
favorit,positive
tasti,positive
invest,positive
increas,positive
rose,positive
rose,positive
reach,positive
achiev,positive
grow,positive
slightli,positive
rose,positive
jump,positive
rose,positive
rose,positive
strong,positive
advanc,positive
boost,positive
rise,positive
rise,positive
rise,positive
rose,positive
rose,positive
rose,positive
rose,positive
advanc,positive
clearli,positive
improv,positive
higher,positive
pick,positive
modest,positive
gain,positive
rose,positive
climb,positive
close,positive
touch,positive
higher,positive
manag,positive
slight,positive
gain,positive
help,positive
rebound,positive
from,positive
mondai,positive
loss,positive
inflationari,positive
pressur,positive
were,positive
less,positive
higher,positive
support,positive
higher,positive
gave,positive
support,positive
favour,positive
capit,positive
increas,positive
intend,positive
fulfil,positive
month,positive
high,positive
strong,positive
oversea,positive
demand,positive
propel,positive
month,positive
high,positive
rose,positive
support,positive
optimist,positive
tone,positive
continu,positive
posit,positive
close,positive
near,positive
high,positive
glean,positive
confid,positive
expect,positive
posit,positive
corpor,positive
push,positive
time,positive
high,positive
solid,positive
resist,positive
some,positive
profit,positive
take,positive
just,positive
high,positive
limit,positive
posit,positive
higher,positive
rebound,positive
close,positive
with,positive
gain,positive
posit,positive
inject,positive
rebound,positive
buoi,positive
oversea,positive
econom,positive
data,positive
rose,positive
upbeat,positive
much,positive
more,positive
posit,positive
boost,positive
better,positive
forecast,positive
better,positive
than,positive
expect,positive
first,positive
half,positive
result,positive
upward,positive
trend,positive
boost,positive
sharpli,positive
rose,positive
surg,positive
high,positive
help,positive
reduc,positive
rebound,positive
help,positive
spain,positive
reduc,positive
budget,positive
surplu,positive
fell,positive
rose,positive
higher,positive
rose,positive
higher,positive
help,positive
broaden,positive
increas,positive
increas,positive
risen,positive
improv,positive
lift,positive
rose,positive
improv,positive
earn,positive
better,positive
than,positive
forecast,positive
hope,positive
strong,positive
chanc,positive
sharp,positive
rise,positive
seiz,positive
unit,positive
state,positive
first,positive
month,positive
sharpli,positive
close,positive
record,positive
despit,positive
disrupt,positive
close,positive
record,positive
high,positive
gain,positive
snap,positive
success,positive
becam,positive
collect,positive
valu,positive
rise,positive
rose,positive
continu,positive
appreci,positive
increas,positive
rose,positive
again,positive
increas,positive
profit,positive
take,positive
stock,positive
fall,positive
advanc,positive
delight,positive
been,positive
recognis,positive
econom,positive
forc,positive
good,positive
would,positive
give,positive
market,positive
respect,positive
influenc,positive
soar,positive
soar,positive
percent,positive
increas,positive
rose,positive
look,positive
great,positive
beat,positive
shot,positive
into,positive
front,positive
rank,positive
space,positive
nation,positive
latest,positive
success,positive
pois,positive
land,positive
billion,positive
contract,positive
confid,positive
phenomen,positive
draw,positive
nice,positive
achiev,positive
someth,positive
quietli,positive
normal,positive
pass,positive
peacefulli,positive
impress,positive
potenti,positive
clear,positive
tough,positive
price,positive
barrier,positive
rise,positive
exceed,positive
expect,positive
indic,positive
level,positive
busi,positive
confid,positive
that,positive
could,positive
stall,positive
german,positive
rate,positive
award,positive
year,positive
franchis,positive
contract,positive
rose,positive
laudst,positive
defend,positive
encourag,positive
have,positive
beaten,positive
call,positive
call,positive
agre,positive
recov,positive
veri,positive
satisfi,positive
boost,positive
lift,positive
percent,positive
increas,positive
enhanc,positive
result,positive
line,positive
with,positive
expect,positive
expect,positive
ralli,positive
ralli,positive
boost,positive
renew,positive
strength,positive
surprisingli,positive
sharp,positive
jump,positive
beat,positive
gain,positive
chalk,positive
anoth,positive
record,positive
close,positive
high,positive
close,positive
surpass,positive
tuesdai,positive
record,positive
bours,positive
trade,positive
over,positive
half,positive
percentag,positive
point,positive
higher,positive
rise,positive
rose,positive
boost,positive
more,positive
growth,positive
rise,positive
predict,positive
slight,positive
increas,positive
slightli,positive
higher,positive
jump,positive
uniqu,positive
vision,positive
digit,positive
futur,positive
veri,positive
signific,positive
ventur,positive
fall,positive
lowest,positive
level,positive
rise,positive
pick,positive
better,positive
second,positive
quarter,positive
growth,positive
shook,positive
itself,positive
slump,positive
improv,positive
percept,positive
recent,positive
overcom,positive
grew,positive
zoom,positive
record,positive
year,positive
more,positive
than,positive
doubl,positive
surg,positive
help,positive
percent,positive
rise,positive
green,positive
light,positive
agre,positive
unanim,positive
grow,positive
grew,positive
show,positive
growth,positive
pick,positive
strongli,positive
decent,positive
acceler,positive
growth,positive
free,positive
liberalis,positive
reduc,positive
sceptic,positive
acquit,positive
fraud,positive
acquit,positive
found,positive
guilti,positive
total,positive
vindic,positive
acquit,positive
stimul,positive
demand,positive
help,positive
could,positive
help,positive
reviv,positive
